,time,Temperature[k],Resistance[Ohm]
0,,200.0,0
0,,200.0,12
0,,199.97500610351562,25
0,,199.97500610351562,9
0,,199.95001220703125,19
0,,199.95001220703125,20
0,,199.92501831054688,22
0,,199.9000244140625,23
