,time,Temperature[k],Resistance[Ohm]
0,,200.0,1
0,,199.97500610351562,21
0,,199.97500610351562,17
0,,199.95001220703125,6
0,,199.95001220703125,24
0,,199.92501831054688,25
0,,199.9000244140625,7
0,,199.9000244140625,0
0,,199.87503051757812,0
0,,199.87503051757812,15
0,,199.85003662109375,12
0,,199.85003662109375,0
0,,199.82504272460938,25
0,,199.82504272460938,16
