,time,Temperature[k],Resistance[Ohm]
0,,295.1011962890625,11
0,,294.9345397949219,17
0,,294.9345397949219,12
0,,294.76788330078125,13
0,,294.76788330078125,14
0,,294.6012268066406,16
0,,294.4345703125,22
0,,294.4345703125,16
0,,294.2679138183594,10
0,,294.2679138183594,0
0,,294.10125732421875,0
0,,294.10125732421875,6
0,,293.9346008300781,18
0,,293.9346008300781,3
0,,293.7679443359375,21
0,,293.7679443359375,25
0,,293.6012878417969,21
