,time,Temperature[k],Resistance[Ohm]
0,,200.0,25
0,,199.97500610351562,19
0,,199.97500610351562,10
0,,199.95001220703125,13
0,,199.95001220703125,7
0,,199.92501831054688,18
0,,199.92501831054688,14
0,,199.9000244140625,10
0,,199.9000244140625,12
0,,199.87503051757812,9
0,,199.87503051757812,10
0,,199.85003662109375,14
0,,199.85003662109375,6
0,,199.82504272460938,8
0,,199.82504272460938,7
0,,199.800048828125,13
0,,199.800048828125,9
0,,199.77505493164062,11
0,,199.77505493164062,10
