,time,Temperature[k],Resistance[Ohm]
0,,199.88389587402344,9
0,,199.85890197753906,3
0,,199.85890197753906,4
0,,199.8339080810547,7
0,,199.8339080810547,11
0,,199.8089141845703,23
0,,199.8089141845703,16
0,,199.78392028808594,6
0,,199.78392028808594,19
0,,199.75892639160156,8
0,,199.75892639160156,6
